xyz.txt , /Users/aryankush25/Desktop/AcadView/Assingment 9/xyz.txt
.DS_Store , /Users/aryankush25/Desktop/AcadView/Assingment 9/.DS_Store
abc.txt , /Users/aryankush25/Desktop/AcadView/Assingment 9/abc.txt
InputOutputStream.java , /Users/aryankush25/Desktop/AcadView/Assingment 9/InputOutputStream.java
StringOccurance.java , /Users/aryankush25/Desktop/AcadView/Assingment 7/StringOccurance.java
SubStringGenetarion.java , /Users/aryankush25/Desktop/AcadView/Assingment 7/SubStringGenetarion.java
pattern.java , /Users/aryankush25/Desktop/AcadView/Assingment 7/pattern.java
RemoveVowels.java , /Users/aryankush25/Desktop/AcadView/Assingment 7/RemoveVowels.java
StringReverse.java , /Users/aryankush25/Desktop/AcadView/Assingment 7/StringReverse.java
CountWords.java , /Users/aryankush25/Desktop/AcadView/Assingment 7/CountWords.java
Final.java , /Users/aryankush25/Desktop/AcadView/Assingment 6/question_1/Final.java
Animals.java , /Users/aryankush25/Desktop/AcadView/Assingment 6/question_1/Animals.java
Cat.java , /Users/aryankush25/Desktop/AcadView/Assingment 6/question_1/Cat.java
Dog.java , /Users/aryankush25/Desktop/AcadView/Assingment 6/question_1/Dog.java
.DS_Store , /Users/aryankush25/Desktop/AcadView/Assingment 6/.DS_Store
MaximumOfTwoNumbersTakenAsString.java , /Users/aryankush25/Desktop/AcadView/Assingment 6/maximumOfTwoNumbersTakenAsString/MaximumOfTwoNumbersTakenAsString.java
Final.java , /Users/aryankush25/Desktop/AcadView/Assingment 6/question_2/Final.java
Dog.java , /Users/aryankush25/Desktop/AcadView/Assingment 6/question_2/Dog.java
Animal.java , /Users/aryankush25/Desktop/AcadView/Assingment 6/question_2/Animal.java
.DS_Store , /Users/aryankush25/Desktop/AcadView/Assingment 1/.DS_Store
HelloWorld.java , /Users/aryankush25/Desktop/AcadView/Assingment 1/HelloWorld.java
Aryan.java , /Users/aryankush25/Desktop/AcadView/Assingment 1/Aryan.java
.DS_Store , /Users/aryankush25/Desktop/AcadView/Assingment 8/.DS_Store
FileHandeling.java , /Users/aryankush25/Desktop/AcadView/Assingment 8/FileHandeling.java
assignment.txt , /Users/aryankush25/Desktop/AcadView/Assingment 8/assignment.txt
xyz.txt , /Users/aryankush25/Desktop/AcadView/xyz.txt
.DS_Store , /Users/aryankush25/Desktop/AcadView/Assingment 10/.DS_Store
.DS_Store , /Users/aryankush25/Desktop/AcadView/Assingment 10/miniProject_1/.DS_Store
abc.txt , /Users/aryankush25/Desktop/AcadView/Assingment 10/miniProject_1/abc.txt
miniProject_1.java , /Users/aryankush25/Desktop/AcadView/Assingment 10/miniProject_1/miniProject_1.java
DynamicArray.java , /Users/aryankush25/Desktop/AcadView/Assingment 10/DynamicArray.java
.DS_Store , /Users/aryankush25/Desktop/AcadView/.DS_Store
Acad View.iml , /Users/aryankush25/Desktop/AcadView/Acad View.iml
Dog.class , /Users/aryankush25/Desktop/AcadView/bin/Dog.class
add_2_numbers.class , /Users/aryankush25/Desktop/AcadView/bin/add_2_numbers.class
waveform.class , /Users/aryankush25/Desktop/AcadView/bin/waveform.class
Dog.class , /Users/aryankush25/Desktop/AcadView/bin/question_1/Dog.class
Final.class , /Users/aryankush25/Desktop/AcadView/bin/question_1/Final.class
Animals.class , /Users/aryankush25/Desktop/AcadView/bin/question_1/Animals.class
Cat.class , /Users/aryankush25/Desktop/AcadView/bin/question_1/Cat.class
.DS_Store , /Users/aryankush25/Desktop/AcadView/bin/.DS_Store
second_largest.class , /Users/aryankush25/Desktop/AcadView/bin/second_largest.class
HelloWorld.class , /Users/aryankush25/Desktop/AcadView/bin/HelloWorld.class
Override_animal.class , /Users/aryankush25/Desktop/AcadView/bin/Override_animal.class
sort_array.class , /Users/aryankush25/Desktop/AcadView/bin/sort_array.class
prime_upto_n.class , /Users/aryankush25/Desktop/AcadView/bin/prime_upto_n.class
DynamicArray.class , /Users/aryankush25/Desktop/AcadView/bin/DynamicArray.class
FileHandeling.class , /Users/aryankush25/Desktop/AcadView/bin/FileHandeling.class
pattern1.class , /Users/aryankush25/Desktop/AcadView/bin/pattern1.class
MaximumOfTwoNumbersTakenAsString.class , /Users/aryankush25/Desktop/AcadView/bin/maximumOfTwoNumbersTakenAsString/MaximumOfTwoNumbersTakenAsString.class
biggest_of_3.class , /Users/aryankush25/Desktop/AcadView/bin/biggest_of_3.class
leap_year.class , /Users/aryankush25/Desktop/AcadView/bin/leap_year.class
palindrome.class , /Users/aryankush25/Desktop/AcadView/bin/palindrome.class
CountWords.class , /Users/aryankush25/Desktop/AcadView/bin/CountWords.class
prime.class , /Users/aryankush25/Desktop/AcadView/bin/prime.class
binary_search.class , /Users/aryankush25/Desktop/AcadView/bin/binary_search.class
StringReverse.class , /Users/aryankush25/Desktop/AcadView/bin/StringReverse.class
Cat.class , /Users/aryankush25/Desktop/AcadView/bin/Cat.class
star_pattern.class , /Users/aryankush25/Desktop/AcadView/bin/star_pattern.class
SubStringGenetarion.class , /Users/aryankush25/Desktop/AcadView/bin/SubStringGenetarion.class
Overload.class , /Users/aryankush25/Desktop/AcadView/bin/Overload.class
miniProject_1.class , /Users/aryankush25/Desktop/AcadView/bin/miniProject_1/miniProject_1.class
Animal.class , /Users/aryankush25/Desktop/AcadView/bin/Animal.class
StaticBlocks.class , /Users/aryankush25/Desktop/AcadView/bin/StaticBlocks.class
Dog.class , /Users/aryankush25/Desktop/AcadView/bin/question_2/Dog.class
Final.class , /Users/aryankush25/Desktop/AcadView/bin/question_2/Final.class
Animal.class , /Users/aryankush25/Desktop/AcadView/bin/question_2/Animal.class
LongestIncreasingSubArray.class , /Users/aryankush25/Desktop/AcadView/bin/LongestIncreasingSubArray.class
reverse.class , /Users/aryankush25/Desktop/AcadView/bin/reverse.class
reverse1.class , /Users/aryankush25/Desktop/AcadView/bin/reverse1.class
Complex_number.class , /Users/aryankush25/Desktop/AcadView/bin/Complex_number.class
OverloadFuntion.class , /Users/aryankush25/Desktop/AcadView/bin/OverloadFuntion.class
armstrong.class , /Users/aryankush25/Desktop/AcadView/bin/armstrong.class
RemoveVowels.class , /Users/aryankush25/Desktop/AcadView/bin/RemoveVowels.class
n_even_numbers.class , /Users/aryankush25/Desktop/AcadView/bin/n_even_numbers.class
Aryan.class , /Users/aryankush25/Desktop/AcadView/bin/Aryan.class
StringOccurance.class , /Users/aryankush25/Desktop/AcadView/bin/StringOccurance.class
A.class , /Users/aryankush25/Desktop/AcadView/bin/A.class
pattern.class , /Users/aryankush25/Desktop/AcadView/bin/pattern.class
config , /Users/aryankush25/Desktop/AcadView/bin/.git/config
308202d1ed0ae78ada0f975e7ae59f95e0477e , /Users/aryankush25/Desktop/AcadView/bin/.git/objects/fd/308202d1ed0ae78ada0f975e7ae59f95e0477e
3f97b91da9d5a055602bc9a5ddb941a09a9dc0 , /Users/aryankush25/Desktop/AcadView/bin/.git/objects/4e/3f97b91da9d5a055602bc9a5ddb941a09a9dc0
911b8a2b26d5023e57971d3d942dd190277537 , /Users/aryankush25/Desktop/AcadView/bin/.git/objects/89/911b8a2b26d5023e57971d3d942dd190277537
4c82ae973f50aa338a817248e23e1ae0ac0369 , /Users/aryankush25/Desktop/AcadView/bin/.git/objects/80/4c82ae973f50aa338a817248e23e1ae0ac0369
f98cc4b3e9d2e4862cc7c29b415b2812aed6ff , /Users/aryankush25/Desktop/AcadView/bin/.git/objects/72/f98cc4b3e9d2e4862cc7c29b415b2812aed6ff
aecc491ae6a3e2fc400c1e6c6ed417c721f535 , /Users/aryankush25/Desktop/AcadView/bin/.git/objects/30/aecc491ae6a3e2fc400c1e6c6ed417c721f535
46b9089ec89cd07dafcffe3db83dac941b5c48 , /Users/aryankush25/Desktop/AcadView/bin/.git/objects/55/46b9089ec89cd07dafcffe3db83dac941b5c48
8426e1e777a19edfaa3548681e42d270ab2f59 , /Users/aryankush25/Desktop/AcadView/bin/.git/objects/b8/8426e1e777a19edfaa3548681e42d270ab2f59
7193117787cf777bb06ed578e835f91f9c5e14 , /Users/aryankush25/Desktop/AcadView/bin/.git/objects/af/7193117787cf777bb06ed578e835f91f9c5e14
619feea5fa40c235ec10712e5875b7147dc733 , /Users/aryankush25/Desktop/AcadView/bin/.git/objects/f6/619feea5fa40c235ec10712e5875b7147dc733
0f711cbc736faf52159152e8cc18a5df75289f , /Users/aryankush25/Desktop/AcadView/bin/.git/objects/f1/0f711cbc736faf52159152e8cc18a5df75289f
43d22dadab7dd77407712f30b79a5131252f99 , /Users/aryankush25/Desktop/AcadView/bin/.git/objects/ce/43d22dadab7dd77407712f30b79a5131252f99
6a1dcf99665836161235c9ee0552c0a80ce71d , /Users/aryankush25/Desktop/AcadView/bin/.git/objects/79/6a1dcf99665836161235c9ee0552c0a80ce71d
919c7e501a90c3a7f314e1f959aea0592c6dff , /Users/aryankush25/Desktop/AcadView/bin/.git/objects/7a/919c7e501a90c3a7f314e1f959aea0592c6dff
HEAD , /Users/aryankush25/Desktop/AcadView/bin/.git/HEAD
exclude , /Users/aryankush25/Desktop/AcadView/bin/.git/info/exclude
HEAD , /Users/aryankush25/Desktop/AcadView/bin/.git/logs/HEAD
master , /Users/aryankush25/Desktop/AcadView/bin/.git/logs/refs/heads/master
master , /Users/aryankush25/Desktop/AcadView/bin/.git/logs/refs/remotes/origin/master
description , /Users/aryankush25/Desktop/AcadView/bin/.git/description
commit-msg.sample , /Users/aryankush25/Desktop/AcadView/bin/.git/hooks/commit-msg.sample
pre-rebase.sample , /Users/aryankush25/Desktop/AcadView/bin/.git/hooks/pre-rebase.sample
pre-commit.sample , /Users/aryankush25/Desktop/AcadView/bin/.git/hooks/pre-commit.sample
applypatch-msg.sample , /Users/aryankush25/Desktop/AcadView/bin/.git/hooks/applypatch-msg.sample
fsmonitor-watchman.sample , /Users/aryankush25/Desktop/AcadView/bin/.git/hooks/fsmonitor-watchman.sample
pre-receive.sample , /Users/aryankush25/Desktop/AcadView/bin/.git/hooks/pre-receive.sample
prepare-commit-msg.sample , /Users/aryankush25/Desktop/AcadView/bin/.git/hooks/prepare-commit-msg.sample
post-update.sample , /Users/aryankush25/Desktop/AcadView/bin/.git/hooks/post-update.sample
pre-applypatch.sample , /Users/aryankush25/Desktop/AcadView/bin/.git/hooks/pre-applypatch.sample
pre-push.sample , /Users/aryankush25/Desktop/AcadView/bin/.git/hooks/pre-push.sample
update.sample , /Users/aryankush25/Desktop/AcadView/bin/.git/hooks/update.sample
master , /Users/aryankush25/Desktop/AcadView/bin/.git/refs/heads/master
master , /Users/aryankush25/Desktop/AcadView/bin/.git/refs/remotes/origin/master
index , /Users/aryankush25/Desktop/AcadView/bin/.git/index
COMMIT_EDITMSG , /Users/aryankush25/Desktop/AcadView/bin/.git/COMMIT_EDITMSG
InputOutputStream.class , /Users/aryankush25/Desktop/AcadView/bin/InputOutputStream.class
rectangle.class , /Users/aryankush25/Desktop/AcadView/bin/rectangle.class
Screen Shot 2018-06-11 at 10.52.15 PM.png , /Users/aryankush25/Desktop/AcadView/Screen Shot 2018-06-11 at 10.52.15 PM.png
.classpath , /Users/aryankush25/Desktop/AcadView/.classpath
waveform.java , /Users/aryankush25/Desktop/AcadView/Assingment 4/waveform.java
Complex_number.java , /Users/aryankush25/Desktop/AcadView/Assingment 4/Complex_number.java
rectangle.java , /Users/aryankush25/Desktop/AcadView/Assingment 4/rectangle.java
second_largest.java , /Users/aryankush25/Desktop/AcadView/Assingment 4/second_largest.java
.DS_Store , /Users/aryankush25/Desktop/AcadView/Assingment 3/.DS_Store
pattern1.java , /Users/aryankush25/Desktop/AcadView/Assingment 3/pattern1.java
reverse1.java , /Users/aryankush25/Desktop/AcadView/Assingment 3/reverse1.java
armstrong.java , /Users/aryankush25/Desktop/AcadView/Assingment 3/armstrong.java
sort_array.java , /Users/aryankush25/Desktop/AcadView/Assingment 3/sort_array.java
prime_upto_n.java , /Users/aryankush25/Desktop/AcadView/Assingment 3/prime_upto_n.java
binary_search.java , /Users/aryankush25/Desktop/AcadView/Assingment 3/binary_search.java
n_even_numbers.java , /Users/aryankush25/Desktop/AcadView/Assingment 3/n_even_numbers.java
leap_year.java , /Users/aryankush25/Desktop/AcadView/Assingment 2/leap_year.java
.DS_Store , /Users/aryankush25/Desktop/AcadView/Assingment 2/.DS_Store
reverse.java , /Users/aryankush25/Desktop/AcadView/Assingment 2/reverse.java
biggest_of_3.java , /Users/aryankush25/Desktop/AcadView/Assingment 2/biggest_of_3.java
star_pattern.java , /Users/aryankush25/Desktop/AcadView/Assingment 2/star_pattern.java
prime.java , /Users/aryankush25/Desktop/AcadView/Assingment 2/prime.java
palindrome.java , /Users/aryankush25/Desktop/AcadView/Assingment 2/palindrome.java
add_2_numbers.java , /Users/aryankush25/Desktop/AcadView/Assingment 2/add_2_numbers.java
StaticBlocks.java , /Users/aryankush25/Desktop/AcadView/Assingment 5/StaticBlocks.java
LongestIncreasingSubArray.java , /Users/aryankush25/Desktop/AcadView/Assingment 5/LongestIncreasingSubArray.java
Override_animal.java , /Users/aryankush25/Desktop/AcadView/Assingment 5/Override_animal.java
OverloadFuntion.java , /Users/aryankush25/Desktop/AcadView/Assingment 5/OverloadFuntion.java
.gitignore , /Users/aryankush25/Desktop/AcadView/.gitignore
.project , /Users/aryankush25/Desktop/AcadView/.project
config , /Users/aryankush25/Desktop/AcadView/.git/config
0fd7a7110bcda79a346e1a2fb9495db9a3e8e1 , /Users/aryankush25/Desktop/AcadView/.git/objects/0d/0fd7a7110bcda79a346e1a2fb9495db9a3e8e1
b245e562e089617730032325af0d67b60bcb39 , /Users/aryankush25/Desktop/AcadView/.git/objects/59/b245e562e089617730032325af0d67b60bcb39
184c3a4e6f9b8c42c325795a1989227ad7863d , /Users/aryankush25/Desktop/AcadView/.git/objects/59/184c3a4e6f9b8c42c325795a1989227ad7863d
14b862445948d3a31239376a294079468b6e3d , /Users/aryankush25/Desktop/AcadView/.git/objects/92/14b862445948d3a31239376a294079468b6e3d
3b95ab92e8945ababda96c42e9f26c112bf57a , /Users/aryankush25/Desktop/AcadView/.git/objects/50/3b95ab92e8945ababda96c42e9f26c112bf57a
a5a7df1875caa7c35a593fc4088fa8bbf76934 , /Users/aryankush25/Desktop/AcadView/.git/objects/03/a5a7df1875caa7c35a593fc4088fa8bbf76934
eb1ddfbbc029bcab630581847471d7f238ec53 , /Users/aryankush25/Desktop/AcadView/.git/objects/35/eb1ddfbbc029bcab630581847471d7f238ec53
361140004076e15e28a3a7173b307a3454edb4 , /Users/aryankush25/Desktop/AcadView/.git/objects/67/361140004076e15e28a3a7173b307a3454edb4
e43653aefeec3fd413cef8606daa2f27232e70 , /Users/aryankush25/Desktop/AcadView/.git/objects/94/e43653aefeec3fd413cef8606daa2f27232e70
22876bf045bbb8fd3cce4edaf60c9e3e3f87bf , /Users/aryankush25/Desktop/AcadView/.git/objects/94/22876bf045bbb8fd3cce4edaf60c9e3e3f87bf
b72a47af971631ed808412f6b4230a0cef24c9 , /Users/aryankush25/Desktop/AcadView/.git/objects/5f/b72a47af971631ed808412f6b4230a0cef24c9
af9c3d1652b8fcc720ae0b048c9a6cad9f4d85 , /Users/aryankush25/Desktop/AcadView/.git/objects/9c/af9c3d1652b8fcc720ae0b048c9a6cad9f4d85
cd3963430c5577d59541fa44f5cbc7a6531031 , /Users/aryankush25/Desktop/AcadView/.git/objects/02/cd3963430c5577d59541fa44f5cbc7a6531031
3bf65dca638f0bb373c5f3124c239e54a21cf6 , /Users/aryankush25/Desktop/AcadView/.git/objects/b2/3bf65dca638f0bb373c5f3124c239e54a21cf6
1c5b0cecb09d75ed39eabb00a7601c2b3ad5bd , /Users/aryankush25/Desktop/AcadView/.git/objects/ad/1c5b0cecb09d75ed39eabb00a7601c2b3ad5bd
71645b11059839cd72255f60dd29a269f38393 , /Users/aryankush25/Desktop/AcadView/.git/objects/df/71645b11059839cd72255f60dd29a269f38393
27bad11aa243fbc84c2ad7272cf09aa841588f , /Users/aryankush25/Desktop/AcadView/.git/objects/d8/27bad11aa243fbc84c2ad7272cf09aa841588f
c943d606a3d4c4aa7d1e2f6f0049fec43ec853 , /Users/aryankush25/Desktop/AcadView/.git/objects/f3/c943d606a3d4c4aa7d1e2f6f0049fec43ec853
e5b19bd7eff6ebcffb2b6dcc986b1fcf7d237e , /Users/aryankush25/Desktop/AcadView/.git/objects/eb/e5b19bd7eff6ebcffb2b6dcc986b1fcf7d237e
9849fef86358f3f005da67cb9b160e50418c70 , /Users/aryankush25/Desktop/AcadView/.git/objects/eb/9849fef86358f3f005da67cb9b160e50418c70
9d26e5f18a6818211df885720a952eec8d56d8 , /Users/aryankush25/Desktop/AcadView/.git/objects/c7/9d26e5f18a6818211df885720a952eec8d56d8
a9c87a9b4c9e0518ca9ff6424de16a7588bd8c , /Users/aryankush25/Desktop/AcadView/.git/objects/c0/a9c87a9b4c9e0518ca9ff6424de16a7588bd8c
0834f2d607afe55e6104d8aa2cdfffb713f688 , /Users/aryankush25/Desktop/AcadView/.git/objects/c9/0834f2d607afe55e6104d8aa2cdfffb713f688
308202d1ed0ae78ada0f975e7ae59f95e0477e , /Users/aryankush25/Desktop/AcadView/.git/objects/fd/308202d1ed0ae78ada0f975e7ae59f95e0477e
501528f3e49344daa75299de93a609e28e15e4 , /Users/aryankush25/Desktop/AcadView/.git/objects/f5/501528f3e49344daa75299de93a609e28e15e4
48c469622cc9878717eb476b27b738becf99c9 , /Users/aryankush25/Desktop/AcadView/.git/objects/e3/48c469622cc9878717eb476b27b738becf99c9
a5db3ef8d021c53d84dec2e9d167a29de3e998 , /Users/aryankush25/Desktop/AcadView/.git/objects/cf/a5db3ef8d021c53d84dec2e9d167a29de3e998
24953323c8dc05f23f98c19674ba4ac6a283d2 , /Users/aryankush25/Desktop/AcadView/.git/objects/cf/24953323c8dc05f23f98c19674ba4ac6a283d2
4322a8236006d752ccf285d65680779f77f1db , /Users/aryankush25/Desktop/AcadView/.git/objects/fb/4322a8236006d752ccf285d65680779f77f1db
17ce80cf290841889e59237360f0bca67b7b70 , /Users/aryankush25/Desktop/AcadView/.git/objects/c6/17ce80cf290841889e59237360f0bca67b7b70
3f97b91da9d5a055602bc9a5ddb941a09a9dc0 , /Users/aryankush25/Desktop/AcadView/.git/objects/4e/3f97b91da9d5a055602bc9a5ddb941a09a9dc0
d6bf95ac7da69afbb769d632011c7ffa74f147 , /Users/aryankush25/Desktop/AcadView/.git/objects/7d/d6bf95ac7da69afbb769d632011c7ffa74f147
91e321835f37d12203446b3afaba5ee4d721d4 , /Users/aryankush25/Desktop/AcadView/.git/objects/42/91e321835f37d12203446b3afaba5ee4d721d4
911b8a2b26d5023e57971d3d942dd190277537 , /Users/aryankush25/Desktop/AcadView/.git/objects/89/911b8a2b26d5023e57971d3d942dd190277537
0cb67cb71aa2f1fc3783d557d71dc2b53b7b2f , /Users/aryankush25/Desktop/AcadView/.git/objects/1f/0cb67cb71aa2f1fc3783d557d71dc2b53b7b2f
4c82ae973f50aa338a817248e23e1ae0ac0369 , /Users/aryankush25/Desktop/AcadView/.git/objects/80/4c82ae973f50aa338a817248e23e1ae0ac0369
b66b869b7bd26c106b2dba0012e924ae92ca83 , /Users/aryankush25/Desktop/AcadView/.git/objects/7b/b66b869b7bd26c106b2dba0012e924ae92ca83
c9c53513361bb701b75d78bdc20b336f399f5f , /Users/aryankush25/Desktop/AcadView/.git/objects/8f/c9c53513361bb701b75d78bdc20b336f399f5f
1d5e4bf45e149921fb9ff15857f2bd2ff3c58f , /Users/aryankush25/Desktop/AcadView/.git/objects/10/1d5e4bf45e149921fb9ff15857f2bd2ff3c58f
6adfc55c52217e1f43e504ec7d75fe6b4bab7a , /Users/aryankush25/Desktop/AcadView/.git/objects/4c/6adfc55c52217e1f43e504ec7d75fe6b4bab7a
2b0f7612c8302dc2d5a10e2fcdb221f8dc45e5 , /Users/aryankush25/Desktop/AcadView/.git/objects/21/2b0f7612c8302dc2d5a10e2fcdb221f8dc45e5
dca8ec978b83df443a4667f4e489c0d359265f , /Users/aryankush25/Desktop/AcadView/.git/objects/21/dca8ec978b83df443a4667f4e489c0d359265f
1b872beb1435be9c88429607989ee69093c5ec , /Users/aryankush25/Desktop/AcadView/.git/objects/21/1b872beb1435be9c88429607989ee69093c5ec
f98cc4b3e9d2e4862cc7c29b415b2812aed6ff , /Users/aryankush25/Desktop/AcadView/.git/objects/72/f98cc4b3e9d2e4862cc7c29b415b2812aed6ff
6a28e044f075f9501b52584414e05b8cfaec79 , /Users/aryankush25/Desktop/AcadView/.git/objects/2f/6a28e044f075f9501b52584414e05b8cfaec79
a626d92202f17c605214c1048a3dbd7fe35d7a , /Users/aryankush25/Desktop/AcadView/.git/objects/6b/a626d92202f17c605214c1048a3dbd7fe35d7a
1d8bb5f5f439f03948656f49d06a012c6d2f94 , /Users/aryankush25/Desktop/AcadView/.git/objects/00/1d8bb5f5f439f03948656f49d06a012c6d2f94
67f91cb7a4f1599fd5d60bbc3821c6f352428c , /Users/aryankush25/Desktop/AcadView/.git/objects/00/67f91cb7a4f1599fd5d60bbc3821c6f352428c
d4d5118e4a0afe577396d58dfdb4e9a8fbe0de , /Users/aryankush25/Desktop/AcadView/.git/objects/96/d4d5118e4a0afe577396d58dfdb4e9a8fbe0de
626788880f3b3167f07bd2f091e1dbf9cc9f24 , /Users/aryankush25/Desktop/AcadView/.git/objects/3f/626788880f3b3167f07bd2f091e1dbf9cc9f24
3d9ec1ce84b05f3511f2b6293d806b8a1eaa34 , /Users/aryankush25/Desktop/AcadView/.git/objects/5b/3d9ec1ce84b05f3511f2b6293d806b8a1eaa34
46b9089ec89cd07dafcffe3db83dac941b5c48 , /Users/aryankush25/Desktop/AcadView/.git/objects/55/46b9089ec89cd07dafcffe3db83dac941b5c48
45edfe50fef0db522245c939457432cf207f18 , /Users/aryankush25/Desktop/AcadView/.git/objects/97/45edfe50fef0db522245c939457432cf207f18
609324b98edf9aee254ed47f748e8526590f84 , /Users/aryankush25/Desktop/AcadView/.git/objects/63/609324b98edf9aee254ed47f748e8526590f84
b75968c70848327759d7f390798ab51d97a228 , /Users/aryankush25/Desktop/AcadView/.git/objects/0f/b75968c70848327759d7f390798ab51d97a228
af8dad0182a86e6fafdde081720e958a199aa5 , /Users/aryankush25/Desktop/AcadView/.git/objects/64/af8dad0182a86e6fafdde081720e958a199aa5
b6f83016e4b691b8b8f711249ec609b7668714 , /Users/aryankush25/Desktop/AcadView/.git/objects/bf/b6f83016e4b691b8b8f711249ec609b7668714
3aeb4086364b83e1ef3a99eb51ac6e9a31f18d , /Users/aryankush25/Desktop/AcadView/.git/objects/a0/3aeb4086364b83e1ef3a99eb51ac6e9a31f18d
bf30fd66fefad82cca3d3529e83b1524ae1385 , /Users/aryankush25/Desktop/AcadView/.git/objects/b1/bf30fd66fefad82cca3d3529e83b1524ae1385
96cb95df99ccb310885f31bebf0dc9f2498c4a , /Users/aryankush25/Desktop/AcadView/.git/objects/dc/96cb95df99ccb310885f31bebf0dc9f2498c4a
ffc2db60bd2c7d9c6a589b5ce8d2b94f29b118 , /Users/aryankush25/Desktop/AcadView/.git/objects/b6/ffc2db60bd2c7d9c6a589b5ce8d2b94f29b118
7193117787cf777bb06ed578e835f91f9c5e14 , /Users/aryankush25/Desktop/AcadView/.git/objects/af/7193117787cf777bb06ed578e835f91f9c5e14
fe7b0bb5ac52c0a2e4f13085e5057284d6466e , /Users/aryankush25/Desktop/AcadView/.git/objects/a8/fe7b0bb5ac52c0a2e4f13085e5057284d6466e
5347fb5c7c61f048dd6585a579bb0d616d3e8d , /Users/aryankush25/Desktop/AcadView/.git/objects/de/5347fb5c7c61f048dd6585a579bb0d616d3e8d
9de29bb2d1d6434b8b29ae775ad8c2e48c5391 , /Users/aryankush25/Desktop/AcadView/.git/objects/e6/9de29bb2d1d6434b8b29ae775ad8c2e48c5391
42f06af1735dcb955efe113879b1ef8cda06a2 , /Users/aryankush25/Desktop/AcadView/.git/objects/f7/42f06af1735dcb955efe113879b1ef8cda06a2
212187bb1b1e781887197c9d05272279f16b7b , /Users/aryankush25/Desktop/AcadView/.git/objects/fa/212187bb1b1e781887197c9d05272279f16b7b
0f711cbc736faf52159152e8cc18a5df75289f , /Users/aryankush25/Desktop/AcadView/.git/objects/f1/0f711cbc736faf52159152e8cc18a5df75289f
bfdc7fa39386c26c13858d769023bb02dbcc09 , /Users/aryankush25/Desktop/AcadView/.git/objects/e7/bfdc7fa39386c26c13858d769023bb02dbcc09
acd5bb9e3b4740ff89229b34aa2b05dfc70afa , /Users/aryankush25/Desktop/AcadView/.git/objects/f8/acd5bb9e3b4740ff89229b34aa2b05dfc70afa
a55b046892ae83e8971f90b710c82b39e79120 , /Users/aryankush25/Desktop/AcadView/.git/objects/f8/a55b046892ae83e8971f90b710c82b39e79120
d382c9b3df9133745ce9b501974f06b5528c3e , /Users/aryankush25/Desktop/AcadView/.git/objects/e0/d382c9b3df9133745ce9b501974f06b5528c3e
00be865c684d0b8ea7f99010a6cc2443980bf8 , /Users/aryankush25/Desktop/AcadView/.git/objects/46/00be865c684d0b8ea7f99010a6cc2443980bf8
2d78e7fb2ee5d25ff6f1357e46f69c0d2984e5 , /Users/aryankush25/Desktop/AcadView/.git/objects/46/2d78e7fb2ee5d25ff6f1357e46f69c0d2984e5
0f17f8e7f90f563ca3c92c78b301f236ec1017 , /Users/aryankush25/Desktop/AcadView/.git/objects/2c/0f17f8e7f90f563ca3c92c78b301f236ec1017
6a1dcf99665836161235c9ee0552c0a80ce71d , /Users/aryankush25/Desktop/AcadView/.git/objects/79/6a1dcf99665836161235c9ee0552c0a80ce71d
43c138dd34546bb363c3be8a8fea443b25d89d , /Users/aryankush25/Desktop/AcadView/.git/objects/2d/43c138dd34546bb363c3be8a8fea443b25d89d
b046f99d2e15d791ad96d4cecedb01f0d2b55d , /Users/aryankush25/Desktop/AcadView/.git/objects/1b/b046f99d2e15d791ad96d4cecedb01f0d2b55d
f3ae2dccd3565061165b6e18f885138b937691 , /Users/aryankush25/Desktop/AcadView/.git/objects/77/f3ae2dccd3565061165b6e18f885138b937691
198d53fcf3df25b6edb1828a8c4de24f4ab45d , /Users/aryankush25/Desktop/AcadView/.git/objects/76/198d53fcf3df25b6edb1828a8c4de24f4ab45d
0967bc8ddca6f90c32f02e7874f07adc7e3cb8 , /Users/aryankush25/Desktop/AcadView/.git/objects/2b/0967bc8ddca6f90c32f02e7874f07adc7e3cb8
d71f26cd3d4ee333202414940b0a69b18223f6 , /Users/aryankush25/Desktop/AcadView/.git/objects/78/d71f26cd3d4ee333202414940b0a69b18223f6
a7ce83f11a75f8f334de5cd1c1464d81380c96 , /Users/aryankush25/Desktop/AcadView/.git/objects/8b/a7ce83f11a75f8f334de5cd1c1464d81380c96
919c7e501a90c3a7f314e1f959aea0592c6dff , /Users/aryankush25/Desktop/AcadView/.git/objects/7a/919c7e501a90c3a7f314e1f959aea0592c6dff
HEAD , /Users/aryankush25/Desktop/AcadView/.git/HEAD
exclude , /Users/aryankush25/Desktop/AcadView/.git/info/exclude
HEAD , /Users/aryankush25/Desktop/AcadView/.git/logs/HEAD
master , /Users/aryankush25/Desktop/AcadView/.git/logs/refs/heads/master
master , /Users/aryankush25/Desktop/AcadView/.git/logs/refs/remotes/origin/master
description , /Users/aryankush25/Desktop/AcadView/.git/description
commit-msg.sample , /Users/aryankush25/Desktop/AcadView/.git/hooks/commit-msg.sample
pre-rebase.sample , /Users/aryankush25/Desktop/AcadView/.git/hooks/pre-rebase.sample
pre-commit.sample , /Users/aryankush25/Desktop/AcadView/.git/hooks/pre-commit.sample
applypatch-msg.sample , /Users/aryankush25/Desktop/AcadView/.git/hooks/applypatch-msg.sample
fsmonitor-watchman.sample , /Users/aryankush25/Desktop/AcadView/.git/hooks/fsmonitor-watchman.sample
pre-receive.sample , /Users/aryankush25/Desktop/AcadView/.git/hooks/pre-receive.sample
prepare-commit-msg.sample , /Users/aryankush25/Desktop/AcadView/.git/hooks/prepare-commit-msg.sample
post-update.sample , /Users/aryankush25/Desktop/AcadView/.git/hooks/post-update.sample
pre-applypatch.sample , /Users/aryankush25/Desktop/AcadView/.git/hooks/pre-applypatch.sample
pre-push.sample , /Users/aryankush25/Desktop/AcadView/.git/hooks/pre-push.sample
update.sample , /Users/aryankush25/Desktop/AcadView/.git/hooks/update.sample
master , /Users/aryankush25/Desktop/AcadView/.git/refs/heads/master
master , /Users/aryankush25/Desktop/AcadView/.git/refs/remotes/origin/master
index , /Users/aryankush25/Desktop/AcadView/.git/index
COMMIT_EDITMSG , /Users/aryankush25/Desktop/AcadView/.git/COMMIT_EDITMSG
FETCH_HEAD , /Users/aryankush25/Desktop/AcadView/.git/FETCH_HEAD
vcs.xml , /Users/aryankush25/Desktop/AcadView/.idea/vcs.xml
workspace.xml , /Users/aryankush25/Desktop/AcadView/.idea/workspace.xml
modules.xml , /Users/aryankush25/Desktop/AcadView/.idea/modules.xml
misc.xml , /Users/aryankush25/Desktop/AcadView/.idea/misc.xml
